{
  "id": "the-silvyr-tower",
  "title": "The Silvyr Tower",
  "version": "1.0.0",
  "manifest": "https://github.com/TheUltimateHippo/The-Silvyr-Tower/releases/latest/download/module.json",
  "download": "https://github.com/TheUltimateHippo/The-Silvyr-Tower/releases/download/1.0.0/module.zip",
  "compatibility": {
    "minimum": "13",
    "verified": "13"
  },
  "description": "<p>This ready to play adventure is designed for all players of D&amp;D 5E--whether novice or veteran. It is written in such a way to be easy-to-follow for new DMs, and uses the free Basic Rules that can be downloaded from the Wizards of the Coast Website. It also includes all creature and item stat blocks.</p><p>This adventure is written for 3-5 adventurers of level 2-4 (Tips will be given for scaling the encounters for more or fewer players).</p><p></p><p>By levenimc</p>",
  "url": "https://homebrewery.naturalcrit.com/share/hzFi08-y-5De",
  "flags": {
    "canUpload": true
  },
  "packs": [
    {
      "name": "The-Silvyr-Tower",
      "label": "The Silvyr Tower",
      "path": "packs/The-Silvyr-Tower",
      "type": "Adventure",
      "ownership": {
        "PLAYER": "OBSERVER",
        "ASSISTANT": "OWNER"
      },
      "system": "dnd5e",
      "flags": {}
    }
  ]
}